epoch,fid,vfid
54.197455761555204,26.420942615240612
